<?xml version="1.0" encoding="UTF-8"?> 
<!DOCTYPE hibernate-configuration PUBLIC   
"-//Hibernate/Hibernate Configuration DTD 3.0//EN"   
"http://hibernate.sourceforge.net/hibernate-configuration-3.0.dtd">
<hibernate-configuration>
	<session-factory>
		<property name="hibernate.dialect"> org.hibernate.dialect.MySQLDialect </property>
		<property name="hibernate.connection.driver_class"> com.mysql.jdbc.Driver </property>
		<property name="hibernate.connection.url"> jdbc:mysql://localhost/wisdom_prime </property>
		<property name="hibernate.connection.username">root</property>
		<property name="hibernate.connection.password"> </property>
		<property name="connection.pool_size">1</property>
		
		<mapping class="com.wisdom.demo.pojo.Teacher" />
		<mapping class="com.wisdom.demo.pojo.Conference" />
	</session-factory>
</hibernate-configuration> 